Kids_First_Biospecimen_ID	chr	start	end	copy.number	status	segment_genotype	uncertainty	WilcoxonRankSumTestPvalue	KolmogorovSmirnovPvalue	tumor_ploidy	build
BS_ZED6T1CT	2	15763500	15992664	30	gain	AAAAAAAAAAAAAAAAAAAAAAAAAAAAAB	0.766372	5.92686045021838e-112	0	2	GRCh37/hg19
BS_ZED6T1CT	2	16179792	16238100	30	gain	AAAAAAAAAAAAAAAAAAAAAAAAAAAAAB	3.83232	6.79156063707888e-30	0	2	GRCh37/hg19
BS_ZED6T1CT	2	16335732	16402176	24	gain	AAAAAAAAAAAAAAAAAAAAAAAB	3.70614	7.86207699015822e-34	0	2	GRCh37/hg19
BS_6K2SSJ77	2	14909334	16217898	115	gain	AAAAAAAAAAAAAAAAAAAAAAAAAAAAAAAAAAAAAAAAAAAAAAAAAAAAAAAAAAAAAAAAAAAAAAAAAAAAAAAAAAAAAAAAAAAAAAAAAAAAAAAAAAAAAAAAABB	36.4961	0	0	2	GRCh37/hg19
BS_WMM0MP1J	2	14192064	14194816	3	gain	-	-1	0.0310910643324508	0.076584892923004	2	GRCh37/hg19
BS_WMM0MP1J	2	14194816	14504416	3	gain	AAB	8.59812	5.32374896470408e-128	0	2	GRCh37/hg19
BS_WMM0MP1J	2	14504416	14507168	3	gain	-	-1	0.0248048949527685	0.0683648905882325	2	GRCh37/hg19
BS_WMM0MP1J	2	14507168	15770336	3	gain	AAB	0.0786816	0	0	2	GRCh37/hg19
BS_WMM0MP1J	2	15770336	15789600	508	gain	-	-1	9.12883359603392e-11	1.38311584407802e-12	2	GRCh37/hg19
BS_WMM0MP1J	2	15789600	16617952	504	gain	AAAAAAAAAAAAAAAAAAAAAAAAAAAAAAAAAAAAAAAAAAAAAAAAAAAAAAAAAAAAAAAAAAAAAAAAAAAAAAAAAAAAAAAAAAAAAAAAAAAAAAAAAAAAAAAAAAAAAAAAAAAAAAAAAAAAAAAAAAAAAAAAAAAAAAAAAAAAAAAAAAAAAAAAAAAAAAAAAAAAAAAAAAAAAAAAAAAAAAAAAAAAAAAAAAAAAAAAAAAAAAAAAAAAAAAAAAAAAAAAAAAAAAAAAAAAAAAAAAAAAAAAAAAAAAAAAAAAAAAAAAAAAAAAAAAAAAAAAAAAAAAAAAAAAAAAAAAAAAAAAAAAAAAAAAAAAAAAAAAAAAAAAAAAAAAAAAAAAAAAAAAAAAAAAAAAAAAAAAAAAAAAAAAAAAAAAAAAAAAAAAAAAAAAAAAAAAAAAAAAAAAAAAAAAAAAAAAAAAAAAAAAAAAAAAAAAAAAAAAAAAAAAAAAAAAAAAAAAAAAAAAAAAAAAAAAAAAAAAAABBBB	100	0	0	2	GRCh37/hg19
BS_WMM0MP1J	2	16617952	16668864	504	gain	-	-1	5.92353242248829e-26	0	2	GRCh37/hg19
BS_WMM0MP1J	2	16668864	16675744	3	gain	-	-1	0.000362247546452192	0.00100331823445066	2	GRCh37/hg19
BS_8XDZQKSD	2	15370548	15373282	3	gain	-	-1	0.164294392546178	0.203729722311576	2	GRCh37/hg19
BS_8XDZQKSD	2	15373282	15429329	3	gain	AAB	72.9569	2.66139374370271e-07	6.37082986809645e-05	2	GRCh37/hg19
BS_FJP95JXF	2	13576472	13782223	3	gain	AAB	6.01137	6.87980111732445e-76	0	2	GRCh37/hg19
BS_FJP95JXF	2	13782223	13785317	3	gain	-	-1	0.0205841243072411	0.0487764557451602	2	GRCh37/hg19
BS_FJP95JXF	2	13785317	15332317	3	gain	AAB	0.0713661	0	0	2	GRCh37/hg19
BS_FJP95JXF	2	15332317	15335411	3	gain	-	-1	0.0170885862346228	0.044463992969382	2	GRCh37/hg19
BS_FJP95JXF	2	15335411	15770118	3	gain	AAB	0.324659	2.66131070718363e-171	0	2	GRCh37/hg19
BS_FJP95JXF	2	15770118	16314662	49	gain	AAAAAAAAAAAAAAAAAAAAAAAAAAAAAAAAAAAAAAAAAAAAAAABB	1.85325	6.21046424537282e-231	0	2	GRCh37/hg19
BS_ACCE0MEA	2	12937680	14605584	5	gain	AAABB	0.155013	0	0	2	GRCh37/hg19
BS_ACCE0MEA	2	14605584	15221052	3	gain	AAB	0.192017	5.0557328502175e-201	0	2	GRCh37/hg19
BS_ACCE0MEA	2	15221052	15642312	5	gain	AAAAB	2.13373	2.80546342132948e-186	0	2	GRCh37/hg19
BS_ACCE0MEA	2	15642312	15839376	3	gain	AAB	0.423009	1.28657488579478e-45	0	2	GRCh37/hg19
BS_ACCE0MEA	2	15839376	15840804	3	gain	-	-1	0.205158707061199	0.441720150762512	2	GRCh37/hg19
BS_ACCE0MEA	2	15840804	15842232	75	gain	-	-1	0.0832650143910368	0.270037885566629	2	GRCh37/hg19
BS_ACCE0MEA	2	15842232	16389156	89	gain	AAAAAAAAAAAAAAAAAAAAAAAAAAAAAAAAAAAAAAAAAAAAAAAAAAAAAAAAAAAAAAAAAAAAAAAAAAAAAAAAAAAAAAABB	3.64952	8.93691669800318e-252	0	2	GRCh37/hg19
BS_ACCE0MEA	2	16389156	16523388	4	gain	AABB	100	1.85267924534849e-54	0	2	GRCh37/hg19
BS_ACCE0MEA	2	16523388	16524816	4	gain	-	-1	0.096007704402308	0.291512318562017	2	GRCh37/hg19
BS_QDRHQSPZ	2	15296321	16676400	329	gain	AAAAAAAAAAAAAAAAAAAAAAAAAAAAAAAAAAAAAAAAAAAAAAAAAAAAAAAAAAAAAAAAAAAAAAAAAAAAAAAAAAAAAAAAAAAAAAAAAAAAAAAAAAAAAAAAAAAAAAAAAAAAAAAAAAAAAAAAAAAAAAAAAAAAAAAAAAAAAAAAAAAAAAAAAAAAAAAAAAAAAAAAAAAAAAAAAAAAAAAAAAAAAAAAAAAAAAAAAAAAAAAAAAAAAAAAAAAAAAAAAAAAAAAAAAAAAAAAAAAAAAAAAAAAAAAAAAAAAAAAAAAAAAAAAAAAAAAAAAAAAAAAAAAAAAAAAAAAAAAAAAAAABBBB	100	0	0	2	GRCh37/hg19
BS_E4V8XN3G	2	13026900	14181848	3	gain	AAB	0.279849	0	0	2	GRCh37/hg19
BS_E4V8XN3G	2	14181848	15929148	3	gain	AAB	0.0926978	0	0	2	GRCh37/hg19
BS_E4V8XN3G	2	15929148	16372028	220	gain	AAAAAAAAAAAAAAAAAAAAAAAAAAAAAAAAAAAAAAAAAAAAAAAAAAAAAAAAAAAAAAAAAAAAAAAAAAAAAAAAAAAAAAAAAAAAAAAAAAAAAAAAAAAAAAAAAAAAAAAAAAAAAAAAAAAAAAAAAAAAAAAAAAAAAAAAAAAAAAAAAAAAAAAAAAAAAAAAAAAAAAAAAAAAAAAAAAAAAAAAAAAAAAAAAAAAAAAAAABB	100	0	0	2	GRCh37/hg19
TARGET-30-PAKVUY-01A-01D	2	14634406	15946114	5	gain	-	-1	1.86563264691743e-48	0	2	GRCh37/hg19
TARGET-30-PAMCXF-01A-01W	2	15275470	15630960	7	gain	AAAAAAA	72.3431	4.19694078447154e-33	0	3	GRCh37/hg19
TARGET-30-PAMDAL-01A-01W	2	15374603	15383325	67	gain	-	-1	0.00270426599374493	0.00496423674132573	3	GRCh37/hg19
TARGET-30-PAMDAL-01A-01W	2	15394287	15946114	69	gain	-	-1	9.92121986915684e-25	0	3	GRCh37/hg19
TARGET-30-PAMMXF-01A-01W	2	15396383	16553027	21	gain	-	-1	1.94092548604502e-34	0	2	GRCh37/hg19
TARGET-30-PARGZK-01A-01D	2	15591881	15946114	13	gain	-	-1	2.40717794983181e-18	0	2	GRCh37/hg19
TARGET-30-PARHDE-01A-01D	2	15604412	15946114	3	gain	-	-1	3.56746689409502e-12	4.74287276119867e-13	2	GRCh37/hg19
TARGET-30-PARHUX-01A-01D	2	13414757	14634873	1	loss	A	-1	0.0558952539056828	0.17455026360001	2	GRCh37/hg19
TARGET-30-PARHUX-01A-01D	2	15167005	15630960	3	gain	AAB	20.0698	1.20587979602888e-31	0	2	GRCh37/hg19
TARGET-30-PARHUX-01A-01D	2	15942045	15942911	3	gain	AAB	-1			2	GRCh37/hg19
TARGET-30-PASKFV-01A-01D	2	12718262	15630960	3	gain	AAB	12.5768	4.89601179410507e-42	0	2	GRCh37/hg19
TARGET-30-PASKFV-01A-01D	2	15942045	15942911	3	gain	AAB	-1			2	GRCh37/hg19
TARGET-30-PASXRG-01A-01D	2	15591881	15946114	24	gain	-	-1	1.05666133847253e-18	0	3	GRCh37/hg19
